,show_title,num_countries,mean_weeks_in_top_10
0,Squid Game,94,13.117021276595745
1,All of Us Are Dead,94,6.617021276595745
2,Hellbound,93,2.3333333333333335
3,The Glory,91,6.5054945054945055
4,Physical: 100,91,3.868131868131868
